postal_prefix,population
0800,7149
0810,34330
0812,18634
0820,19920
0822,25304
0828,1697
0829,1963
0830,18501
0832,18727
0834,1811
0835,3153
0836,7597
0837,489
0838,870
0839,510
0840,457
0841,627
0845,396
0846,317
0847,318
0850,7873
0852,8735
0853,850
0854,755
0860,3080
0862,715
0870,20341
0872,14676
0873,2756
0874,554
0875,2482
0880,4953
0885,751
0886,755
2000,27936
2007,7410
2008,10400
2009,12658
2010,26443
2011,18187
2015,11422
2016,13072
2017,29003
2018,19878
2019,13467
2020,21591
2021,14946
2022,13509
2023,10590
2024,11380
2025,7189
2026,32693
2027,7810
2028,4709
2029,9911
2030,14434
2031,33830
2032,14643
2033,11927
2034,20249
2035,34602
2036,33767
2037,16641
2038,9487
2039,8553
2040,22803
2041,15584
2042,18673
2043,9657
2044,8278
2045,6480
2046,27288
2047,12011
2048,7619
2049,12258
2050,9381
2060,15135
2061,6158
2062,7088
2063,6493
2064,9417
2065,31698
2066,33844
2067,27078
2068,17450
2069,14604
2070,14648
2071,13510
2072,8795
2073,17221
2074,23423
2075,21665
2076,25340
2077,42819
2079,7816
2080,1766
2081,5394
2082,5458
2083,1665
2084,3759
2085,11452
2086,14214
2087,13161
2088,28329
2089,11491
2090,13533
2092,7384
2093,23555
2094,6141
2095,16296
2096,14955
2097,15991
2099,42917
2100,21973
2101,19885
2102,8379
2103,10877
2104,3807
2105,2008
2106,9659
2107,15422
2108,1740
2110,9846
2111,15456
2112,38026
2113,27637
2114,25267
2115,12686
2116,7274
2117,22185
2118,27888
2119,12458
2120,20988
2121,34209
2122,31187
2125,16620
2126,19082
2127,23198
2128,3600
2130,7288
2131,23012
2132,10755
2133,10929
2134,18224
2135,25915
2136,7763
2137,27726
2138,19686
2140,20766
2141,32425
2142,27993
2143,9774
2144,39333
2145,87531
2146,19456
2147,37285
2148,67483
2150,35254
2151,21204
2152,11261
2153,62610
2154,40874
2155,75699
2156,13403
2157,4042
2158,8937
2159,5148
2160,39388
2161,34379
2162,20306
2163,10544
2164,21273
2165,45046
2166,54184
2167,10536
2168,45023
2170,114479
2171,38882
2172,2892
2173,14544
2174,12080
2175,1790
2176,50022
2177,17154
2178,4170
2179,16262
2190,27559
2191,6555
2192,13781
2193,17778
2194,26132
2195,27103
2196,33743
2197,10121
2198,9843
2199,19651
2200,48003
2203,13946
2204,26567
2205,25338
2206,19730
2207,28382
2208,12881
2209,15825
2210,33262
2211,17610
2212,17184
2213,23290
2214,4074
2216,28027
2217,28673
2218,16182
2219,13771
2220,33761
2221,17065
2222,12660
2223,21403
2224,14559
2225,5560
2226,13054
2227,15364
2228,21001
2229,30943
2230,30690
2231,2528
2232,35304
2233,29960
2234,30648
2250,71168
2251,33721
2256,16039
2257,30403
2258,5253
2259,66236
2260,25845
2261,55129
2262,21411
2263,24554
2264,16162
2265,7464
2267,2920
2278,2565
2280,27183
2281,15323
2282,16146
2283,24419
2284,12612
2285,33869
2286,4690
2287,40845
2289,20257
2290,34912
2291,14279
2292,2622
2293,3302
2294,2061
2295,8091
2296,2026
2297,1801
2298,10141
2299,11905
2300,12058
2302,1411
2303,9710
2304,15807
2305,13108
2306,3421
2307,4537
2308,1358
2311,913
2312,1500
2315,15287
2316,6577
2317,6553
2318,13667
2319,6887
2320,39163
2321,19857
2322,24373
2323,26051
2324,25443
2325,31073
2326,7871
2327,7830
2328,2506
2329,2138
2330,21445
2331,581
2333,13795
2334,3349
2335,8124
2336,2589
2337,8060
2338,1403
2339,718
2340,52436
2341,1478
2342,465
2343,4858
2344,674
2345,707
2346,3033
2347,1865
2350,26911
2352,2950
2353,1201
2354,3484
2355,627
2356,124
2357,4069
2358,3727
2359,710
2360,14995
2361,927
2365,3762
2369,871
2370,7785
2371,1158
2372,4789
2379,291
2380,11118
2381,1302
2382,1381
2386,293
2387,201
2388,2554
2390,8540
2395,725
2396,834
2397,286
2398,248
2399,623
2400,9708
2401,299
2402,1745
2403,719
2404,1676
2405,500
2406,705
2408,310
2409,1072
2410,240
2411,104
2415,429
2420,4016
2421,2069
2422,5608
2423,3297
2424,480
2425,2018
2426,850
2427,3463
2428,25187
2429,9650
2430,36841
2431,5628
2439,4031
2440,23166
2441,4288
2443,8739
2444,51117
2445,7350
2446,15054
2447,7809
2448,9618
2449,2165
2450,47335
2452,15260
2453,2787
2454,7953
2455,3185
2456,17141
2460,31079
2462,2529
2463,8304
2464,7058
2465,346
2466,1765
2469,4359
2470,15477
2471,2821
2472,1987
2473,3203
2474,6492
2475,399
2476,847
2477,12899
2478,32053
2479,5780
2480,45938
2481,13659
2482,6967
2483,11616
2484,20083
2485,15349
2486,32838
2487,15090
2488,3523
2489,7894
2490,690
2500,43472
2502,12551
2505,5088
2506,7798
2508,9346
2515,11745
2516,6798
2517,13959
2518,19864
2519,17227
2525,12335
2526,16736
2527,26072
2528,23735
2529,29134
2530,35038
2533,17177
2534,5767
2535,7993
2536,19333
2537,12981
2538,2580
2539,20305
2540,48267
2541,28038
2545,1117
2546,10066
2548,8419
2549,4101
2550,16936
2551,3718
2555,168
2556,2433
2557,20103
2558,11099
2559,2991
2560,82543
2563,276
2564,14198
2565,31588
2566,27796
2567,40951
2568,1252
2569,1386
2570,63663
2571,13174
2572,5484
2573,5777
2574,5934
2575,17846
2576,14189
2577,16724
2578,2846
2579,4646
2580,31629
2581,2507
2582,13693
2583,4604
2584,550
2585,235
2586,2871
2587,2932
2588,299
2590,7153
2594,12150
2600,8255
2601,7680
2602,34540
2603,10306
2604,13034
2605,12488
2606,12071
2607,14717
2609,1136
2611,36535
2612,18965
2614,20595
2615,47356
2617,38073
2618,1397
2619,9601
2620,45604
2621,6688
2622,4141
2623,611
2624,162
2625,400
2626,515
2627,5263
2628,2176
2629,534
2630,8876
2631,629
2632,1892
2633,321
2640,39879
2641,16550
2642,5476
2643,2997
2644,2442
2645,339
2646,6841
2647,2557
2648,2671
2649,30
2650,61511
2651,3081
2652,4757
2653,2636
2655,1416
2656,1327
2658,1488
2659,871
2660,1607
2661,395
2663,5281
2665,2017
2666,5636
2668,404
2669,1539
2671,3969
2672,1511
2675,1659
2678,433
2680,25339
2681,1793
2700,4873
2701,2492
2702,793
2703,744
2705,10687
2706,1030
2707,1167
2710,9743
2711,3197
2712,1375
2713,2746
2714,2921
2715,1382
2716,988
2717,1205
2720,8501
2721,230
2722,3418
2725,347
2726,255
2727,348
2729,1622
2730,1335
2731,7446
2732,1877
2733,598
2734,472
2735,408
2736,419
2737,822
2738,2132
2739,1414
2745,31847
2747,54397
2748,1798
2749,17029
2750,49204
2752,5747
2753,17587
2754,7065
2756,35328
2757,850
2758,8848
2759,26434
2760,37632
2761,34702
2762,21780
2763,33197
2765,45613
2766,17047
2767,23384
2768,28864
2769,16315
2770,61494
2773,5978
2774,13010
2775,1518
2776,4156
2777,17816
2778,2425
2779,5077
2780,13348
2782,6428
2783,2651
2784,1300
2785,4822
2786,1178
2787,4605
2790,15452
2791,322
2792,386
2793,1074
2794,10504
2795,45077
2797,434
2798,2193
2799,4156
2800,48283
2803,286
2804,2832
2805,408
2806,862
2807,450
2808,216
2809,202
2810,3132
2817,359
2818,849
2820,7378
2821,4778
2822,433
2823,1340
2824,2055
2825,2202
2826,178
2827,3678
2828,798
2829,2965
2830,44963
2831,1845
2832,2149
2833,634
2834,1984
2835,3793
2836,895
2838,223
2839,1079
2840,2389
2842,720
2843,1262
2844,1312
2845,2019
2846,253
2847,2447
2848,1540
2849,1610
2850,19146
2852,3734
2864,824
2865,927
2866,3112
2867,636
2868,579
2869,1528
2870,12036
2871,8965
2873,560
2874,369
2875,802
2876,494
2877,3575
2878,286
2879,577
2880,18097
2898,445
2899,2188
2900,4177
2902,15670
2903,9588
2904,13196
2905,28731
2906,18107
2911,4804
2912,8604
2913,39396
2914,34576
3000,43084
3002,4896
3003,8025
3004,11482
3006,22699
3008,15495
3011,22278
3012,27023
3013,15636
3015,18634
3016,16025
3018,13556
3019,9682
3020,44372
3021,55112
3022,3170
3023,67146
3024,34004
3025,12962
3026,8770
3027,9448
3028,28191
3029,129888
3030,119201
3031,17772
3032,29874
3033,15078
3034,12388
3036,5974
3037,51402
3038,26703
3039,16224
3040,26722
3041,13111
3042,16763
3043,17912
3044,28701
3045,64
3046,36772
3047,21478
3048,18081
3049,9812
3051,14953
3052,7297
3053,16034
3054,8186
3055,14746
3056,24912
3057,13262
3058,34906
3059,21274
3060,14274
3061,4977
3062,6
3063,563
3064,114413
3065,10431
3066,9179
3067,9096
3068,19382
3070,25276
3071,19005
3072,33790
3073,51096
3074,20234
3075,23219
3076,33489
3078,12237
3079,17055
3081,14003
3082,28712
3083,31529
3084,27045
3085,14050
3087,9156
3088,27181
3089,12503
3090,2575
3091,1602
3093,3962
3094,9250
3095,28373
3096,1911
3097,1536
3099,4993
3101,24499
3102,6620
3103,15621
3104,21302
3105,11124
3106,16966
3107,14164
3108,25054
3109,30926
3111,12644
3113,8562
3114,3835
3115,3843
3116,11779
3121,31534
3122,22322
3123,14834
3124,21965
3125,15147
3126,7773
3127,18608
3128,22841
3129,17946
3130,33044
3131,23191
3132,16795
3133,22951
3134,34607
3135,20698
3136,46296
3137,14558
3138,23059
3139,14257
3140,17348
3141,25028
3142,12817
3143,9376
3144,10763
3145,23594
3146,26131
3147,15102
3148,9552
3149,35340
3150,63298
3151,10675
3152,34940
3153,21276
3154,4500
3155,23660
3156,38484
3158,6818
3159,2593
3160,9024
3161,16903
3162,18075
3163,32810
3165,30159
3166,24753
3167,9851
3168,21880
3169,20820
3170,19889
3171,22174
3172,23261
3173,30018
3174,39693
3175,53545
3177,11889
3178,33571
3179,6066
3180,7645
3181,19636
3182,22438
3183,17964
3184,15153
3185,13433
3186,23252
3187,16757
3188,18587
3189,6287
3190,12007
3191,10926
3192,24129
3193,20207
3194,13221
3195,37364
3196,26876
3197,12032
3198,17215
3199,56127
3200,5711
3201,21976
3202,2826
3204,33130
3205,11548
3206,10043
3207,17633
3211,1353
3212,19272
3213,4753
3214,24500
3215,21994
3216,60123
3217,20499
3218,14942
3219,20309
3220,17270
3221,801
3222,18576
3223,9536
3224,15101
3225,5408
3226,17714
3227,5459
3228,24181
3230,3208
3231,1571
3232,1327
3233,2363
3234,237
3235,515
3236,257
3237,276
3238,251
3239,491
3240,2169
3241,3072
3242,942
3243,392
3249,3368
3250,12756
3251,524
3254,358
3260,4801
3264,2254
3265,2827
3266,3047
3267,214
3268,2552
3269,676
3270,322
3271,188
3272,1641
3273,130
3274,256
3275,490
3276,437
3277,1820
3278,343
3279,300
3280,33298
3281,1857
3282,2488
3283,1423
3284,3860
3285,1255
3286,532
3287,418
3289,804
3292,191
3293,336
3294,967
3300,10479
3301,1267
3302,356
3303,282
3304,2786
3305,13344
3309,122
3310,263
3311,1707
3312,1023
3314,569
3315,1686
3317,184
3318,1243
3319,410
3321,1780
3322,176
3323,91
3324,577
3325,456
3328,2308
3329,309
3330,208
3331,7202
3332,1181
3333,864
3334,544
3335,6195
3336,17737
3337,40724
3338,37062
3340,25614
3341,1644
3342,3946
3345,1393
3350,66022
3351,9106
3352,18922
3355,13059
3356,15601
3357,3797
3358,3440
3360,803
3361,695
3363,3598
3364,2272
3370,1900
3371,1090
3373,2453
3374,425
3375,236
3377,9602
3378,140
3379,749
3380,6220
3381,1401
3384,608
3385,541
3387,289
3388,567
3390,957
3391,181
3392,584
3393,2614
3395,350
3396,694
3400,15134
3401,4596
3407,416
3409,987
3412,295
3413,196
3414,1719
3415,36
3418,2875
3419,891
3420,283
3423,476
3424,750
3427,5669
3428,668
3429,39093
3430,303
3431,4390
3432,185
3433,207
3434,6143
3435,3228
3437,11715
3438,2509
3440,2073
3441,1450
3442,8586
3444,10066
3446,1101
3447,524
3448,981
3450,7588
3451,5819
3453,1852
3458,2330
3460,2799
3461,4614
3462,1230
3463,2588
3464,1192
3465,10111
3467,1356
3468,267
3469,269
3472,1492
3475,373
3477,817
3478,2584
3480,1805
3482,207
3483,882
3485,291
3487,82
3488,89
3489,62
3490,1292
3491,149
3494,641
3496,6464
3498,5977
3500,34565
3501,2146
3505,5010
3506,33
3507,171
3509,228
3512,369
3515,2516
3516,722
3517,1497
3518,1321
3520,156
3521,772
3522,338
3523,3965
3525,1369
3527,741
3529,117
3530,114
3531,194
3533,744
3537,1094
3540,263
3542,139
3544,252
3546,346
3549,4017
3550,41839
3551,35614
3555,21043
3556,14088
3557,853
3558,971
3559,563
3561,4498
3562,257
3563,850
3564,17080
3565,134
3566,578
3567,665
3568,2947
3570,837
3571,305
3572,137
3573,340
3575,842
3576,60
3579,5450
3580,1101
3581,147
3583,162
3584,1138
3585,11508
3586,799
3588,404
3589,359
3590,337
3591,163
3594,536
3595,673
3596,103
3597,458
3599,154
3607,160
3608,2825
3610,1600
3612,1801
3614,927
3616,5605
3617,161
3618,679
3620,8340
3621,2437
3622,537
3623,890
3624,563
3629,9536
3630,32151
3631,14605
3633,620
3634,1888
3635,552
3636,5375
3637,642
3638,2199
3639,479
3640,1025
3641,1266
3644,9390
3646,601
3647,51
3649,478
3658,6251
3659,748
3660,7842
3662,1108
3663,183
3664,1139
3665,397
3666,5142
3669,1475
3670,596
3672,10822
3673,1818
3675,1936
3677,19214
3678,6568
3682,645
3683,1748
3685,2935
3687,1061
3688,1334
3690,35051
3691,12771
3695,488
3697,568
3698,1012
3699,1242
3700,1403
3701,1101
3704,26
3705,254
3707,1871
3708,66
3709,307
3711,591
3712,354
3713,1023
3714,3749
3715,371
3717,3544
3718,91
3719,420
3720,666
3722,5815
3723,3727
3725,645
3726,411
3727,303
3728,687
3730,9719
3732,608
3733,220
3735,638
3737,4426
3738,197
3739,239
3740,1183
3741,3426
3744,522
3746,382
3747,5054
3749,2123
3750,24407
3751,150
3752,24989
3753,4642
3754,50494
3755,246
3756,15931
3757,9735
3758,2281
3759,1063
3760,356
3761,1186
3762,117
3763,1662
3764,10578
3765,6900
3766,1277
3767,1271
3770,3306
3775,4080
3777,10922
3778,201
3779,501
3781,4638
3782,7974
3783,2559
3785,69
3786,1524
3787,961
3788,1773
3789,294
3791,1418
3792,1046
3793,3651
3795,1323
3796,9799
3797,3764
3799,5951
3802,24455
3803,11355
3804,8466
3805,58600
3806,51308
3807,7655
3808,3147
3809,19662
3810,55588
3812,2488
3813,963
3814,2604
3815,3693
3816,3227
3818,17313
3820,20054
3821,3142
3822,1001
3823,2117
3824,5438
3825,21078
3831,2012
3832,245
3833,340
3835,475
3840,17225
3842,4924
3844,31179
3847,2278
3850,15472
3851,6231
3852,210
3854,1478
3856,1085
3857,389
3858,3125
3859,945
3860,7455
3862,3547
3864,241
3865,527
3869,1738
3870,1319
3871,3039
3873,324
3874,610
3875,20015
3878,1306
3880,4235
3882,1322
3885,1876
3886,415
3887,268
3888,3502
3889,171
3890,335
3891,121
3892,1183
3893,25
3895,198
3896,351
3898,705
3900,173
3902,423
3903,861
3904,1899
3909,8713
3910,23588
3911,3514
3912,15633
3913,3449
3915,10723
3916,1036
3918,4276
3919,3343
3920,1124
3921,139
3922,10118
3923,836
3925,4550
3926,3421
3927,1857
3928,453
3929,1130
3930,18734
3931,25759
3933,1004
3934,19846
3936,13366
3937,1717
3938,3311
3939,15900
3940,5246
3941,13591
3942,2786
3943,2013
3944,787
3945,1092
3946,303
3950,5133
3951,1020
3953,8194
3954,366
3956,3037
3957,310
3958,284
3959,1223
3960,2715
3962,954
3964,174
3965,220
3966,544
3967,108
3971,4195
3975,18048
3976,26082
3977,117143
3978,43202
3979,365
3980,3571
3981,5437
3984,7374
3987,1644
3988,1094
3990,118
3991,405
3992,1281
3995,11596
3996,6649
4000,20341
4005,17714
4006,24411
4007,15451
4008,373
4009,11
4010,3446
4011,15813
4012,23440
4013,4876
4014,13190
4017,37756
4018,14097
4019,20576
4020,25603
4021,9745
4022,7538
4025,309
4030,18592
4031,14292
4032,18389
4034,46741
4035,27323
4036,7000
4037,7822
4051,29574
4053,47604
4054,13986
4055,22364
4059,13740
4060,13450
4061,17318
4064,12191
4065,10171
4066,18609
4067,12220
4068,25676
4069,35527
4070,12045
4073,9293
4074,24071
4075,25506
4076,8353
4077,35805
4078,26263
4101,35246
4102,10823
4103,14995
4104,7062
4105,13929
4106,1672
4107,6790
4108,6188
4109,37703
4110,16461
4111,1085
4112,8737
4113,29524
4114,29702
4115,20169
4116,27459
4117,2954
4118,31493
4119,6809
4120,10387
4121,26062
4122,47147
4123,22857
4124,23445
4125,12893
4127,27206
4128,16936
4129,6764
4130,9140
4131,11781
4132,27070
4133,22472
4151,18132
4152,47570
4153,4498
4154,11449
4155,1475
4156,3388
4157,19771
4158,3877
4159,14816
4160,19044
4161,16472
4163,15850
4164,19263
4165,39491
4169,15882
4170,28030
4171,16886
4172,4946
4173,8463
4174,2843
4178,26887
4179,20222
4183,2156
4184,8481
4205,6333
4207,68477
4208,24342
4209,74284
4210,22605
4211,62508
4212,33470
4213,31153
4214,38871
4215,55425
4216,39714
4217,45197
4218,35371
4220,32574
4221,28889
4223,15156
4224,7175
4225,8374
4226,37266
4227,23904
4228,5585
4270,4388
4272,8105
4275,3895
4280,21258
4285,21763
4287,938
4300,68675
4301,36527
4303,4173
4304,17815
4305,64356
4306,43997
4307,1575
4309,3366
4310,6017
4311,10412
4312,2590
4313,2316
4314,3255
4340,6007
4341,15952
4342,2702
4343,12173
4344,2709
4346,1013
4347,1344
4350,115218
4352,31026
4353,348
4354,1283
4355,2812
4356,5218
4357,2531
4358,2967
4359,1388
4360,609
4361,2654
4362,2613
4363,626
4364,182
4365,596
4370,19195
4371,695
4372,148
4373,983
4374,402
4375,229
4376,351
4377,625
4378,571
4380,8093
4381,692
4382,462
4383,607
4384,49
4385,1166
4387,1338
4388,348
4390,6719
4400,2159
4401,5823
4402,297
4403,850
4404,474
4405,14360
4406,1712
4407,506
4408,538
4410,1156
4411,291
4412,211
4413,8675
4415,2166
4416,412
4417,699
4418,86
4419,1082
4420,1219
4421,2178
4422,447
4423,197
4424,235
4425,170
4426,146
4427,315
4428,627
4454,730
4455,8610
4461,38
4462,128
4465,1263
4467,157
4468,260
4470,3184
4472,1408
4474,72
4477,530
4478,500
4479,7
4480,625
4481,118
4482,110
4486,669
4487,3179
4488,247
4489,78
4490,1508
4491,94
4492,322
4493,19
4494,160
4496,208
4497,315
4498,188
4500,45656
4501,5905
4502,8722
4503,52483
4504,20910
4505,26144
4506,25306
4507,20612
4508,19573
4509,37952
4510,55940
4511,9929
4512,3677
4514,8605
4515,4467
4516,4290
4517,941
4518,5601
4519,9477
4520,13885
4521,5174
4550,4908
4551,68286
4552,9019
4553,10748
4554,2000
4555,7723
4556,47150
4557,20161
4558,23327
4559,7444
4560,36706
4561,8637
4562,8793
4563,9826
4564,11659
4565,15033
4566,8716
4567,11979
4568,3736
4569,1756
4570,46427
4571,903
4572,4235
4573,31392
4574,1432
4575,28022
4580,5219
4581,1415
4600,910
4601,1145
4605,4770
4606,2399
4608,920
4610,15212
4611,129
4612,250
4613,886
4614,1226
4615,7356
4620,448
4621,1808
4625,2681
4626,1992
4627,848
4630,2337
4650,34942
4655,66789
4659,5358
4660,8048
4662,841
4670,84718
4671,6285
4673,669
4674,1579
4676,177
4677,4217
4678,818
4680,55339
4694,112
4695,1114
4697,143
4699,451
4700,17312
4701,43828
4702,29819
4703,25129
4704,126
4705,405
4706,72
4707,254
4709,732
4710,5119
4711,1787
4712,262
4713,1019
4714,2945
4715,7068
4716,825
4717,4702
4718,2582
4719,1084
4720,15031
4721,3962
4722,1640
4723,1596
4724,559
4725,1540
4726,372
4727,310
4728,229
4730,3177
4731,218
4732,158
4733,158
4735,960
4736,131
4737,8325
4738,1155
4739,340
4740,85500
4741,7346
4742,1192
4743,556
4744,9425
4745,2918
4746,1989
4750,6025
4751,4681
4753,4627
4754,2505
4756,655
4757,362
4798,691
4799,971
4800,10081
4802,13393
4804,2125
4805,11646
4806,3771
4807,10785
4808,1110
4809,985
4810,21697
4811,13688
4812,19110
4814,46193
4815,21397
4816,9284
4817,30785
4818,32004
4819,2475
4820,10732
4821,1451
4822,779
4823,961
4824,3380
4825,19299
4828,236
4829,516
4830,1739
4849,1368
4850,10923
4852,4055
4854,5525
4855,809
4856,718
4858,1515
4859,528
4860,11316
4861,1541
4865,8623
4868,22896
4869,20619
4870,73803
4871,10798
4872,4248
4873,6771
4874,5603
4875,7526
4876,2801
4877,5462
4878,15044
4879,21919
4880,14331
4881,4826
4882,3177
4883,8949
4884,1901
4885,4021
4886,965
4887,2127
4888,2752
4890,1437
4891,487
4892,5329
4895,4594
5000,18202
5006,6823
5007,8200
5008,14384
5009,5471
5010,6109
5011,13986
5012,11757
5013,10654
5014,12539
5015,6006
5016,9306
5017,5200
5018,5600
5019,9385
5020,3236
5021,6768
5022,16343
5023,17880
5024,14670
5025,9358
5031,10108
5032,13452
5033,8870
5034,10148
5035,6364
5037,11702
5038,17401
5039,9202
5040,2508
5041,13540
5042,11832
5043,20327
5044,11578
5045,16071
5046,9756
5047,8981
5048,15510
5049,10380
5050,5734
5051,15130
5052,6756
5061,9752
5062,15502
5063,12742
5064,10756
5065,10987
5066,12237
5067,10773
5068,12648
5069,8387
5070,15393
5072,13937
5073,16831
5074,14380
5075,11283
5076,9619
5081,9874
5082,16310
5083,7953
5084,10908
5085,24786
5086,17619
5087,12541
5088,3716
5089,6956
5090,8184
5091,7872
5092,18288
5093,9426
5094,912
5095,21372
5096,13765
5097,13908
5098,13058
5106,99
5107,18636
5108,43329
5109,20748
5110,9345
5111,376
5112,20445
5113,19570
5114,36847
5115,13032
5116,10731
5117,4051
5118,19229
5120,2859
5121,2347
5125,20405
5126,7406
5127,7865
5131,979
5132,435
5133,378
5134,457
5136,548
5137,550
5138,364
5139,290
5140,454
5141,772
5142,581
5144,428
5150,57
5151,405
5152,6389
5153,6732
5154,3471
5155,3994
5156,1005
5157,3015
5158,25087
5159,33635
5160,23
5161,10286
5162,35328
5163,14922
5164,5239
5165,5962
5166,1844
5167,6303
5168,5772
5169,20086
5170,1213
5171,6265
5172,4189
5173,13213
5174,3004
5201,2305
5202,938
5203,1320
5204,3373
5210,1877
5211,16845
5212,2251
5213,1298
5214,9557
5220,155
5221,331
5222,678
5223,3734
5231,1284
5232,425
5233,1513
5234,1376
5235,2640
5236,342
5237,358
5238,4422
5240,534
5241,2534
5242,1756
5243,865
5244,4451
5245,3252
5250,3767
5251,19184
5252,6783
5253,19261
5254,2502
5255,10143
5256,1547
5259,1111
5260,1797
5261,335
5262,476
5263,135
5264,1287
5265,428
5266,611
5267,2026
5268,3695
5269,293
5270,624
5271,7663
5272,908
5273,112
5275,2380
5276,1335
5277,2885
5278,529
5279,557
5280,7561
5290,25591
5291,10151
5301,503
5302,855
5303,159
5304,840
5306,72
5307,560
5308,138
5309,135
5310,32
5311,398
5320,699
5321,547
5322,942
5330,3376
5331,312
5332,375
5333,6121
5340,1457
5341,7914
5342,1110
5343,4977
5344,919
5345,3545
5346,375
5350,553
5351,6195
5352,5332
5353,3922
5354,416
5355,8281
5356,799
5357,442
5360,1229
5371,1333
5372,2688
5373,3447
5374,1493
5381,336
5400,1063
5401,832
5410,319
5411,337
5412,1191
5413,826
5414,134
5415,247
5416,209
5417,1501
5418,125
5419,245
5420,78
5421,135
5422,1662
5431,857
5432,148
5433,1304
5434,405
5440,169
5451,702
5452,452
5453,5100
5454,391
5455,42
5460,743
5461,2598
5462,518
5464,572
5470,147
5471,80
5472,186
5473,745
5480,886
5481,498
5482,482
5483,342
5485,667
5490,171
5491,1797
5493,67
5495,583
5501,8156
5502,1716
5510,104
5520,540
5521,147
5522,1511
5523,1944
5540,15241
5550,958
5552,351
5554,5389
5555,518
5556,4426
5558,5214
5560,454
5570,597
5571,1978
5572,157
5573,2206
5575,2391
5576,1133
5577,574
5580,363
5581,568
5582,603
5583,838
5600,6150
5601,88
5602,1349
5603,422
5604,218
5605,1852
5606,14459
5607,5360
5608,13041
5609,1961
5611,125
5630,129
5631,1063
5632,231
5633,286
5640,1029
5641,1005
5642,234
5650,167
5651,63
5652,656
5653,66
5654,230
5655,106
5660,39
5661,147
5670,494
5671,169
5680,2123
5690,3954
5700,11042
5701,30
5710,2793
5713,20
5715,30
5717,35
5719,61
5720,252
5722,262
5723,1812
5724,84
5725,3976
5730,115
5731,234
5732,146
5733,129
5734,114
5950,4
6000,13812
6003,3652
6004,11681
6005,6102
6006,9623
6007,8095
6008,16131
6009,18936
6010,18863
6011,9346
6012,9169
6014,22092
6015,6805
6016,10818
6017,4507
6018,42250
6019,24351
6020,22581
6021,20980
6022,5209
6023,15982
6024,13723
6025,31581
6026,22781
6027,42828
6028,23559
6029,2855
6030,40841
6031,18645
6032,189
6033,444
6034,3705
6035,11022
6036,17514
6037,3822
6038,10203
6041,1597
6042,107
6043,233
6044,1300
6050,15770
6051,13199
6052,11555
6053,15288
6054,21029
6055,32320
6056,41172
6057,16697
6058,13181
6059,24169
6060,25486
6061,41683
6062,34144
6063,15045
6064,31068
6065,68443
6066,18459
6067,45
6068,10
6069,46350
6070,3725
6071,3502
6072,829
6073,3190
6074,1001
6076,22308
6077,1639
6078,941
6079,30
6081,4919
6082,3422
6083,3570
6084,9063
6090,25
6100,15816
6101,17301
6102,13949
6103,10897
6104,15082
6105,16283
6106,16
6107,48583
6108,23665
6109,13143
6110,44873
6111,23639
6112,70564
6121,3101
6122,21803
6123,2253
6124,1205
6125,3622
6126,265
6147,15038
6148,18974
6149,18905
6150,13201
6151,17226
6152,26227
6153,21419
6154,10621
6155,53765
6156,18238
6157,14603
6158,7819
6159,3947
6160,9251
6161,166
6162,12074
6163,54704
6164,66124
6165,64
6166,10792
6167,28476
6168,24913
6169,35317
6170,17329
6171,37697
6172,13477
6173,12474
6174,5681
6175,4021
6176,2096
6180,6777
6181,469
6182,0
6207,1243
6208,12946
6209,2002
6210,75034
6211,8498
6213,654
6214,684
6215,4234
6218,541
6219,604
6220,4346
6221,291
6223,159
6224,1254
6225,9164
6226,938
6227,788
6228,144
6229,174
6230,44972
6232,11402
6233,20432
6236,2213
6237,2656
6239,4657
6240,165
6243,84
6244,1580
6251,310
6252,149
6253,655
6254,541
6255,4403
6256,434
6258,6483
6260,1396
6262,733
6271,3461
6275,1506
6280,30585
6281,8543
6282,1522
6284,2875
6285,10633
6286,841
6288,603
6290,1837
6302,3485
6304,1669
6306,976
6308,1568
6309,292
6311,605
6312,4556
6313,247
6315,1878
6316,391
6317,4085
6318,493
6320,554
6321,505
6322,240
6323,1062
6324,3743
6326,514
6327,268
6328,431
6330,38042
6333,6310
6335,758
6336,343
6337,545
6338,730
6341,260
6343,231
6346,832
6348,1115
6350,335
6351,57
6352,172
6353,786
6355,441
6356,115
6357,60
6358,105
6359,439
6361,102
6363,93
6365,538
6367,332
6368,85
6369,656
6370,457
6372,105
6373,82
6375,880
6383,935
6384,25
6385,20
6386,114
6390,1673
6391,1040
6392,432
6393,119
6394,477
6395,1543
6396,353
6397,92
6398,552
6401,8283
6403,158
6405,338
6407,960
6409,386
6410,949
6411,133
6412,59
6413,59
6414,75
6415,2771
6418,742
6419,51
6420,77
6421,168
6422,64
6423,146
6424,72
6425,83
6426,894
6427,93
6428,56
6429,967
6430,21920
6431,935
6432,7150
6434,184
6436,153
6437,747
6438,837
6440,1333
6442,2472
6443,722
6445,159
6446,113
6447,174
6448,406
6450,13159
6452,4
6460,688
6461,494
6462,177
6463,23
6465,42
6466,56
6467,30
6468,194
6470,20
6472,151
6473,53
6475,350
6476,44
6477,242
6479,558
6480,39
6484,35
6485,447
6487,45
6488,162
6489,86
6490,255
6501,921
6502,1221
6503,2354
6504,213
6505,134
6506,58
6507,530
6509,152
6510,1940
6511,480
6512,92
6513,162
6514,639
6515,323
6516,1985
6517,407
6518,209
6519,575
6521,347
6522,407
6525,3680
6528,378
6530,33378
6532,6915
6535,1609
6536,1478
6537,995
6556,1969
6558,2613
6560,1372
6562,1413
6564,330
6566,3296
6567,485
6568,210
6569,270
6571,67
6572,61
6574,64
6575,101
6603,1110
6605,41
6606,133
6608,150
6609,852
6612,162
6613,51
6614,20
6616,61
6620,518
6623,575
6625,57
6627,57
6628,23
6630,482
6631,13
6632,63
6635,379
6638,653
6639,109
6640,215
6642,1200
6646,535
6701,5259
6705,170
6707,3074
6710,940
6712,45
6713,1282
6714,17657
6716,1084
6718,977
6720,2279
6721,4367
6722,11305
6725,11236
6726,5730
6728,5365
6740,1477
6743,6455
6751,4007
6753,6761
6754,1324
6758,1159
6760,927
6762,657
6765,1678
6770,3149
6798,1692
6799,593
7000,15645
7004,7982
7005,13947
7007,3387
7008,13210
7009,13898
7010,18372
7011,15742
7012,838
7015,11290
7016,3171
7017,6300
7018,23450
7019,7744
7020,2665
7021,2592
7022,963
7023,383
7024,602
7025,1822
7026,1158
7027,372
7030,19720
7050,14593
7052,7688
7053,3637
7054,9609
7055,540
7109,9872
7112,3496
7113,1301
7116,2490
7117,923
7119,47
7120,1892
7139,8
7140,12069
7150,3191
7155,943
7162,667
7163,397
7170,5734
7171,3824
7172,4435
7173,7509
7174,200
7175,184
7176,185
7177,449
7178,325
7179,422
7180,167
7182,247
7183,42
7184,909
7185,139
7186,196
7187,138
7190,3458
7209,414
7210,1076
7211,261
7212,1778
7213,298
7214,630
7215,4066
7216,3563
7248,17177
7249,14056
7250,51133
7252,2993
7253,5160
7254,562
7255,856
7256,1617
7257,64
7258,962
7259,505
7260,3334
7261,244
7262,1891
7263,632
7264,574
7265,233
7267,805
7268,1133
7270,4370
7275,3366
7276,641
7277,6524
7290,2429
7291,721
7292,655
7300,3933
7301,4717
7302,1753
7303,3031
7304,6265
7305,1265
7306,4276
7307,11849
7310,28635
7315,15635
7316,6285
7320,17138
7321,4968
7322,4067
7325,9015
7330,6731
7331,595
7466,32
7467,1808
7468,697
7469,772
7470,752
9494,52069
9797,864
